k	mode	itrial	word	cond	shiftInfo	t0	dur	pumped_s	rec_s	rec_limit_s	sr	fb	ost	shift_s	shift_span	shift_F1_Hz	shift_F2_Hz	shift_F1_mel	shift_F2_mel	in_F1	in_F2	out_F1	out_F2	span_in_F1	span_in_F2	span_out_F1	span_out_F2	in_f0	out_f0	pitch_cents	gain_dB	heard_peak	lag_ms	in_rms_dB	noise_zero_runs	noise_zero_at	play_s	play_rms_dB	play_peak	read_s	lost_s	replay_ok	replay_match	gain_voice_dB	gain_dBA	input
1	proc	1	bed	noShift	shiftMags=0	4.01	1.5	1.5	1.5	30	16000	3	0@0.002 1@0.396 2@0.446 3@0.502 4@0.602	0		0	0	0	0	838.893	2193.19	837.271	2191					144.782	142.356	-29.2578	-2.00404	0.136033	8	-27.0523	0							1	0	-1.9897	-1.98919	voice nova "bed" tok=93d65aa8eca896f0 take=0 src=tts:gpt-audio-1.5 f0=143 onset=0.357 dur=0.330 vowel=0.387-0.587 level=0.050
2	proc	2	bad	noShift	shiftMags=0	6.68276	1.5	1.5	1.5	30	16000	3	0@0.002 1@0.320 2@0.370 3@0.434 2@0.548 3@0.570 4@0.620	0		0	0	0	0	1016.73	1813.49	1016.87	1872.98					133.334	132.695	-8.31151	-1.93292	0.191798	8	-26.1379	0							1	0	-1.9897	-1.9795	voice nova "bad" tok=0a26d815e9caf630 take=0 src=tts:gpt-audio-1.5 f0=132 onset=0.332 dur=0.340 vowel=0.332-0.572 level=0.050
3	proc	3	bid	noShift	shiftMags=0	9.2351	1.5	1.5	1.5	30	16000	3	0@0.002 1@0.424 2@0.474 3@0.532 4@0.642	0		0	0	0	0	519.294	2389.6	516.413	2390.6					156.831	156.804	-0.294068	-1.96721	0.129184	8	-27.7624	0							1	0	-1.9897	-1.97222	voice nova "bid" tok=0c00a513cebb7049 take=0 src=tts:gpt-audio-1.5 f0=151 onset=0.330 dur=0.440 vowel=0.420-0.730 level=0.050
4	proc	4	bed	noShift	shiftMags=0	11.6836	1.5	1.5	1.5	30	16000	3	0@0.002 1@0.388 2@0.438 3@0.498 4@0.604	0		0	0	0	0	895.233	2097.04	893.338	2096.67					139.35	146.348	84.8328	-1.94056	0.127422	8	-27.0949	0							1	0	-1.9897	-1.97749	voice nova "bed" tok=e267da24474bd4d7 take=1 src=tts:gpt-audio-1.5 f0=139 onset=0.323 dur=0.400 vowel=0.373-0.593 level=0.050
5	proc	5	bad	noShift	shiftMags=0	14.0847	1.5	1.5	1.5	30	16000	3	0@0.002 1@0.364 2@0.414 3@0.492 4@0.602	0		0	0	0	0	1052.44	1808.75	1056.9	1803.84					172.639	175.777	31.1886	-1.95399	0.118875	8	-26.6798	0							0	0		-1.96836	voice nova "bad" tok=14f4da4622cf3505 take=1 src=tts:gpt-audio-1.5 f0=149 onset=0.328 dur=0.370 vowel=0.348-0.618 level=0.050
6	proc	6	bid	noShift	shiftMags=0	16.357	1.5	1.5	1.5	30	16000	3	0@0.002 1@0.466 2@0.516 3@0.566 4@0.652	0		0	0	0	0	510.177	2416.54	508.397	2418.18					158.161	154.522	-40.2994	-1.94181	0.131349	8	-28.6874	0							1	0	-1.9897	-1.87812	voice nova "bid" tok=11dcda505463a098 take=1 src=tts:gpt-audio-1.5 f0=153 onset=0.311 dur=0.490 vowel=0.451-0.761 level=0.050
7	proc	7	bad	noShift	shiftMags=0	18.9624	1.5	1.5	1.5	30	16000	3	0@0.002 1@0.406 2@0.456 3@0.488 4@0.582	0		0	0	0	0	1148.8	1858.02	1154.78	1834.95					135.616	138.646	38.2586	-1.93039	0.162134	8	-28.0827	1	0.985+15.4ms						0	0		-1.98967	voice nova "bad" tok=e615886ee3dd7411 take=2 src=tts:gpt-audio-1.5 f0=136 onset=0.362 dur=0.420 vowel=0.382-0.612 level=0.050
8	proc	8	bed	noShift	shiftMags=0	21.8184	1.5	1.5	1.5	30	16000	3	0@0.002 1@0.374 2@0.424 3@0.486 4@0.562	0		0	0	0	0	900.998	2116.04	897.65	2114.45					156.181	157.688	16.6253	-1.93727	0.124808	8	-26.7033	0							1	0	-1.9897	-1.98007	voice nova "bed" tok=3dc3c7d4b4236979 take=2 src=tts:gpt-audio-1.5 f0=154 onset=0.332 dur=0.310 vowel=0.362-0.562 level=0.050
9	proc	9	bid	noShift	shiftMags=0	24.1577	1.5	1.5	1.5	30	16000	3	0@0.002 1@0.356 2@0.406 3@0.410 2@0.448 3@0.540 4@0.618	0		0	0	0	0	426.774	2417.37	426.37	2417.31					153.682	156.489	31.3312	-2.04535	0.114173	8	-29.0187	0							0	0		-2.01472	voice nova "bid" tok=edca23925a902056 take=2 src=tts:gpt-audio-1.5 f0=151 onset=0.301 dur=0.480 vowel=0.321-0.721 level=0.050
10	proc	10	bid	noShift	shiftMags=0	27.1536	1.5	1.5	1.5	30	16000	3	0@0.002 1@0.472 2@0.522 3@0.562 4@0.654	0		0	0	0	0	489.475	2323.8	487.716	2324.61					146.937	145.208	-20.4896	-1.87834	0.133035	8	-28.3784	0							1	0	-1.9897	-1.93293	voice nova "bid" tok=3e54e63e297e7735 take=3 src=tts:gpt-audio-1.5 f0=138 onset=0.340 dur=0.420 vowel=0.460-0.650 level=0.050
11	proc	11	bad	noShift	shiftMags=0	29.9741	1.5	1.5	1.5	30	16000	3	0@0.002 1@0.306 2@0.356 3@0.422 2@0.534 3@0.554 4@0.606	0		0	0	0	0	1015.08	1824.42	1017.45	1832.6					132.719	132.661	-0.766373	-1.97961	0.214634	8	-26.1374	0							1	0	-1.9897	-1.95049	voice nova "bad" tok=0a26d815e9caf630 take=0 src=tts:gpt-audio-1.5 f0=132 onset=0.318 dur=0.340 vowel=0.318-0.558 level=0.050
12	proc	12	bed	noShift	shiftMags=0	32.7773	1.5	1.5	1.5	30	16000	3	0@0.002 1@0.332 2@0.382 3@0.448 4@0.532	0		0	0	0	0	854.188	2206.57	863.419	2206.33					154.376	152.306	-23.3709	-1.94492	0.122088	8	-27.8436	0							1	0	-1.9897	-1.96639	voice nova "bed" tok=600742630d189d83 take=3 src=tts:gpt-audio-1.5 f0=150 onset=0.310 dur=0.350 vowel=0.320-0.540 level=0.050
13	proc	13	bid	noShift	shiftMags=0	35.2669	1.5	1.5	1.5	30	16000	3	0@0.002 1@0.460 2@0.510 3@0.566 4@0.678	0		0	0	0	0	520.152	2390.85	518.433	2386.69					156.411	154.172	-24.9629	-1.87738	0.128405	8	-27.7615	0							1	0	-1.9897	-1.98157	voice nova "bid" tok=0c00a513cebb7049 take=0 src=tts:gpt-audio-1.5 f0=151 onset=0.366 dur=0.440 vowel=0.456-0.766 level=0.050
14	proc	14	bad	noShift	shiftMags=0	38.0966	1.5	1.5	1.5	30	16000	3	0@0.002 1@0.368 2@0.418 3@0.492 4@0.606	0		0	0	0	0	1055.74	1804.47	1056.2	1805.38					175.651	176.692	10.2274	-1.96126	0.118268	8	-26.6795	0							1	0	-1.9897	-1.98317	voice nova "bad" tok=14f4da4622cf3505 take=1 src=tts:gpt-audio-1.5 f0=149 onset=0.331 dur=0.370 vowel=0.351-0.621 level=0.050
15	proc	15	bed	noShift	shiftMags=0	40.7925	1.5	1.5	1.5	30	16000	3	0@0.002 1@0.334 2@0.384 3@0.440 4@0.538	0		0	0	0	0	840.113	2186.75	841.052	2189.94					144.113	146.929	33.4978	-1.97585	0.129807	8	-27.0522	0							1	0	-1.9897	-1.98457	voice nova "bed" tok=93d65aa8eca896f0 take=0 src=tts:gpt-audio-1.5 f0=143 onset=0.294 dur=0.330 vowel=0.324-0.524 level=0.050
16	proc	1	head	noShift	shiftMags=0	188.88	1.51667	1.516	1.516	30	16000	3	0@0.002	0		0	0	0	0	895.456	2161.65	893.844	2157.97					147.607	145.923	-19.8595	-1.89928	0.119097	8	-28.377	0							1	0.000121948	-1.9897	-1.96486	voice nova "head" tok=d930ca025bbe7137 take=0 src=tts:gpt-audio-1.5 f0=150 onset=0.313 dur=0.370 vowel=0.343-0.643 level=0.050
17	proc	2	bed	noShift	shiftMags=0	192.18	1.51667	1.516	1.516	30	16000	3	0@0.002	0		0	0	0	0	890.957	2098.54	890.274	2098.28					138.471	142.024	43.8708	-1.96932	0.129198	8	-27.0962	0							1	0.000121983	-1.9897	-1.98656	voice nova "bed" tok=e267da24474bd4d7 take=1 src=tts:gpt-audio-1.5 f0=139 onset=0.328 dur=0.400 vowel=0.378-0.598 level=0.050 rate=longer-take
18	proc	3	dead	noShift	shiftMags=0	195.55	1.51667	1.516	1.516	30	16000	3	0@0.002	0		0	0	0	0	881.256	2164.8	879.887	2162.06					151.642	158.528	76.8782	-1.91512	0.116366	8	-27.7829	0							0	581.133		-1.95678	voice nova "dead" tok=655d8176602fdb08 take=3 src=tts:gpt-audio-1.5 f0=150 onset=0.315 dur=0.430 vowel=0.335-0.655 level=0.050 rate=longer-take
19	proc	4	dead	noShift	shiftMags=0	198.886	1.51667	1.516	1.516	30	16000	3	0@0.002	0		0	0	0	0	825.753	2258.51	828.635	2260.99					145.068	145.772	8.38392	-1.9134	0.143827	8	-28.0519	0							1	0.000121798	-1.9897	-1.94984	voice nova "dead" tok=84da5489b8c958be take=1 src=tts:gpt-audio-1.5 f0=144 onset=0.283 dur=0.550 vowel=0.303-0.803 level=0.050 rate=longer-take
20	proc	5	head	noShift	shiftMags=0	201.935	1.51667	1.516	1.516	30	16000	3	0@0.002	0		0	0	0	0	920.712	2152.33	920.372	2150.79					136.229	138.806	32.4502	-1.94532	0.130057	8	-28.233	0							1	0.000121199	-1.9897	-1.96611	voice nova "head" tok=4bdcc6dec8a16723 take=1 src=tts:gpt-audio-1.5 f0=139 onset=0.295 dur=0.390 vowel=0.365-0.565 level=0.050 rate=longer-take
21	proc	6	bed	noShift	shiftMags=0	204.833	1.51667	1.516	1.516	30	16000	3	0@0.002	0		0	0	0	0	852.604	2200.38	851.986	2202.46					152.843	157.073	47.2562	-1.99363	0.124262	8	-27.844	0							1	0.000119806	-1.9897	-1.96413	voice nova "bed" tok=600742630d189d83 take=3 src=tts:gpt-audio-1.5 f0=150 onset=0.328 dur=0.350 vowel=0.338-0.558 level=0.050 rate=longer-take
22	proc	7	dead	noShift	shiftMags=0	208.008	1.51667	1.516	1.516	30	16000	3	0@0.002	0		0	0	0	0	878.749	2158.31	875.644	2171.39					151.959	153.617	18.7892	-1.90705	0.121361	8	-27.7816	1	0.889+15.4ms						0	1024.5		-1.975	voice nova "dead" tok=655d8176602fdb08 take=3 src=tts:gpt-audio-1.5 f0=150 onset=0.292 dur=0.430 vowel=0.312-0.632 level=0.050 rate=longer-take
23	proc	8	dead	noShift	shiftMags=0	211.147	1.51667	1.516	1.516	30	16000	3	0@0.002	0		0	0	0	0	827.033	2259.6	814.707	2255.85					143.843	145.991	25.6588	-1.91397	0.151031	8	-28.0526	0							1	0.000121352	-1.9897	-1.95042	voice nova "dead" tok=84da5489b8c958be take=1 src=tts:gpt-audio-1.5 f0=144 onset=0.324 dur=0.550 vowel=0.344-0.844 level=0.050 rate=longer-take
24	proc	9	head	noShift	shiftMags=0	214.131	1.51667	1.516	1.516	30	16000	3	0@0.002	0		0	0	0	0	895.937	2161.25	898.765	2163.06					148.926	149.043	1.36775	-1.98708	0.112799	8	-28.3778	0							1	0.00012189	-1.9897	-1.99076	voice nova "head" tok=d930ca025bbe7137 take=0 src=tts:gpt-audio-1.5 f0=150 onset=0.352 dur=0.370 vowel=0.382-0.682 level=0.050 rate=longer-take
25	proc	10	dead	noShift	shiftMags=0	217.575	1.51667	1.516	1.516	30	16000	3	0@0.002	0		0	0	0	0	875.037	2158.02	877.535	2157.31					151.873	161.288	104.137	-1.95471	0.125467	8	-27.7819	0							0	768.979		-1.98472	voice nova "dead" tok=655d8176602fdb08 take=3 src=tts:gpt-audio-1.5 f0=150 onset=0.299 dur=0.430 vowel=0.319-0.639 level=0.050 rate=longer-take
26	proc	11	bed	shiftIH	shiftMags=125	220.701	1.51667	1.516	1.516	30	16000	3	0@0.002	0.254	0.352-0.606	-150.337	100.329	-118.591	39.5103	889.913	2099.4	729.25	2218.32	905.408	2101.53	736.221	2219.77	138.402	140.727	28.8405	0.759121	0.189059	8.1875	-27.0961	0							1	0.00012004	0.788906	-0.110666	voice nova "bed" tok=e267da24474bd4d7 take=1 src=tts:gpt-audio-1.5 f0=139 onset=0.287 dur=0.400 vowel=0.337-0.557 level=0.050 rate=longer-take
27	proc	12	dead	noShift	shiftMags=0	224.125	1.51667	1.516	1.516	30	16000	3	0@0.002	0		0	0	0	0	832.888	2257.69	831.101	2258.12					145.231	146.02	9.39071	-1.98725	0.148473	8	-28.052	0							1	0.000121364	-1.9897	-1.96332	voice nova "dead" tok=84da5489b8c958be take=1 src=tts:gpt-audio-1.5 f0=144 onset=0.282 dur=0.550 vowel=0.302-0.802 level=0.050 rate=longer-take
28	proc	13	bed	noShift	shiftMags=0	226.99	1.51667	1.516	1.516	30	16000	3	0@0.002	0		0	0	0	0	854.96	2208.21	854.223	2211.37					154.498	160.909	70.3874	-1.9804	0.127452	8	-27.844	0							1	0.000121548	-1.9897	-1.97712	voice nova "bed" tok=600742630d189d83 take=3 src=tts:gpt-audio-1.5 f0=150 onset=0.322 dur=0.350 vowel=0.332-0.552 level=0.050 rate=longer-take
29	proc	14	head	noShift	shiftMags=0	229.923	1.51667	1.516	1.516	30	16000	3	0@0.002	0		0	0	0	0	917.645	2153.78	917.731	2156.3					135.188	137.027	23.3947	-1.99398	0.127136	8	-28.233	1	0.277+15.4ms						1	0.000122042	-1.9897	-1.98967	voice nova "head" tok=4bdcc6dec8a16723 take=1 src=tts:gpt-audio-1.5 f0=139 onset=0.339 dur=0.390 vowel=0.409-0.609 level=0.050 rate=longer-take
30	proc	15	head	shiftIH	shiftMags=125	233.274	1.51667	1.516	1.516	30	16000	3	0@0.002	0.302	0.428-0.730	-136.496	102.618	-118.591	39.5103	899.656	2162.73	704.474	2278.3	902.691	2161.47	700.181	2273.49	144.998	152.148	83.3307	2.24553	0.230986	8.25	-28.3777	0							1	0.000121116	2.23823	1.92872	voice nova "head" tok=d930ca025bbe7137 take=0 src=tts:gpt-audio-1.5 f0=150 onset=0.366 dur=0.370 vowel=0.396-0.696 level=0.050 rate=longer-take
31	proc	16	bed	noShift	shiftMags=0	236.134	1.51667	1.516	1.516	30	16000	3	0@0.002	0		0	0	0	0	890.602	2097.66	893.082	2098.57					138.432	143.251	59.2387	-1.90519	0.131053	8	-27.0943	0							1	0.000120587	-1.9897	-1.93918	voice nova "bed" tok=e267da24474bd4d7 take=1 src=tts:gpt-audio-1.5 f0=139 onset=0.348 dur=0.400 vowel=0.398-0.618 level=0.050 rate=longer-take
32	proc	17	bed	shiftAE	shiftMags=125	239.642	1.51667	1.516	1.516	30	16000	3	0@0.002	0.248	0.336-0.584	111.196	-231.568	82.6485	-93.7775	851.624	2208.15	967.762	2079.13	871.932	2207.18	992.76	2047.77	151.816	165.534	149.771	-2.19958	0.136875	7.9375	-27.8441	0							1	0.000114686	-2.24574	-1.41011	voice nova "bed" tok=600742630d189d83 take=3 src=tts:gpt-audio-1.5 f0=150 onset=0.315 dur=0.350 vowel=0.325-0.545 level=0.050 rate=longer-take
33	proc	18	head	noShift	shiftMags=0	242.547	1.51667	1.516	1.516	30	16000	3	0@0.002	0		0	0	0	0	918.14	2153.87	916.452	2155.39					135.65	138.597	37.2106	-2.02581	0.120499	8	-28.232	0							1	0.000121847	-1.9897	-1.99443	voice nova "head" tok=4bdcc6dec8a16723 take=1 src=tts:gpt-audio-1.5 f0=139 onset=0.371 dur=0.390 vowel=0.441-0.641 level=0.050 rate=longer-take
34	proc	19	head	shiftAE	shiftMags=125	249.126	1.51667	1.516	1.516	30	16000	3	0@0.002	0.302	0.416-0.718	103.996	-229.709	82.6485	-93.7775	895.133	2161.95	1049.78	1995.62	900.828	2158.63	1064.08	1988.83	144.268	153.081	102.653	-1.74165	0.180305	7.9375	-28.3759	0							1	0.00010265	-1.76447	-0.916128	voice nova "head" tok=d930ca025bbe7137 take=0 src=tts:gpt-audio-1.5 f0=150 onset=0.354 dur=0.370 vowel=0.384-0.684 level=0.050 rate=longer-take
35	proc	20	head	noShift	shiftMags=0	252.326	1.51667	1.516	1.516	30	16000	3	0@0.002	0		0	0	0	0	918.526	2156.75	918.691	2148.3					135.861	138.571	34.1807	-1.89472	0.127773	8	-28.2324	1	1.181+15.4ms						1	0.000122032	-1.9897	-1.95967	voice nova "head" tok=4bdcc6dec8a16723 take=1 src=tts:gpt-audio-1.5 f0=139 onset=0.353 dur=0.390 vowel=0.423-0.623 level=0.050 rate=longer-take
36	proc	21	bed	shiftAE	shiftMags=125	255.633	1.51667	1.516	1.516	30	16000	3	0@0.002	0.256	0.386-0.642	114.336	-224.197	82.6485	-93.7775	895.34	2098.22	1008.06	1940.76	900.729	2100.17	1015.21	1942.63	139.321	142.912	44.0603	-1.76991	0.155948	7.875	-27.0959	0							1	6.09827e-05	-1.80822	-0.702775	voice nova "bed" tok=e267da24474bd4d7 take=1 src=tts:gpt-audio-1.5 f0=139 onset=0.322 dur=0.400 vowel=0.372-0.592 level=0.050 rate=longer-take
37	proc	22	head	noShift	shiftMags=0	258.555	1.51667	1.516	1.516	30	16000	3	0@0.002	0		0	0	0	0	898.312	2164.35	898.003	2163.3					145.863	148.004	25.2238	-1.98611	0.122038	8	-28.3761	0							0	0.000119768		-1.98537	voice nova "head" tok=d930ca025bbe7137 take=0 src=tts:gpt-audio-1.5 f0=150 onset=0.288 dur=0.370 vowel=0.318-0.618 level=0.050 rate=longer-take
38	proc	23	bed	shiftIH	shiftMags=125	261.789	1.51667	1.516	1.516	30	16000	3	0@0.002	0.25	0.310-0.560	-145.899	103.367	-118.591	39.5103	853.022	2207.25	717.954	2314.04	865.321	2205.73	721.848	2306.12	153.926	151.395	-28.7038	1.00108	0.163538	8.1875	-27.8442	0							1	0.000121688	1.01982	-0.333623	voice nova "bed" tok=600742630d189d83 take=3 src=tts:gpt-audio-1.5 f0=150 onset=0.290 dur=0.350 vowel=0.300-0.520 level=0.050 rate=longer-take
39	proc	24	dead	noShift	shiftMags=0	265.225	1.51667	1.516	1.516	30	16000	3	0@0.002	0		0	0	0	0	877.056	2151.64	879.457	2157.63					151.635	152.489	9.72727	-1.92898	0.120582	8	-27.7829	0							0	774.821		-1.95685	voice nova "dead" tok=655d8176602fdb08 take=3 src=tts:gpt-audio-1.5 f0=150 onset=0.341 dur=0.430 vowel=0.361-0.681 level=0.050 rate=longer-take
40	proc	25	dead	shiftIH	shiftMags=125	268.394	1.51667	1.516	1.516	30	16000	3	0@0.002	0.35	0.362-0.768	-125.396	106.203	-118.591	39.5103	822.576	2268.09	656.975	2392.76	822.576	2268.09	656.975	2392.76	144.462	142.428	-24.5472	1.69849	0.233565	8.25	-28.0526	0							1	0.000120376	1.64087	0.639773	voice nova "dead" tok=84da5489b8c958be take=1 src=tts:gpt-audio-1.5 f0=144 onset=0.307 dur=0.550 vowel=0.327-0.827 level=0.050 rate=longer-take
41	proc	26	dead	noShift	shiftMags=0	271.548	1.51667	1.516	1.516	30	16000	3	0@0.002	0		0	0	0	0	873.638	2150.56	876.51	2153.83					151.466	153.21	19.8242	-1.96569	0.125498	8	-27.7813	0							0	1024.45		-1.99387	voice nova "dead" tok=655d8176602fdb08 take=3 src=tts:gpt-audio-1.5 f0=150 onset=0.320 dur=0.430 vowel=0.340-0.660 level=0.050 rate=longer-take
42	proc	27	head	noShift	shiftMags=0	274.856	1.51667	1.516	1.516	30	16000	3	0@0.002	0		0	0	0	0	920.908	2161.49	923.568	2159.14					135.693	136.712	12.9528	-1.8979	0.130989	8	-28.2328	0							1	0.000119895	-1.9897	-1.92797	voice nova "head" tok=4bdcc6dec8a16723 take=1 src=tts:gpt-audio-1.5 f0=139 onset=0.307 dur=0.390 vowel=0.377-0.577 level=0.050 rate=longer-take
43	proc	28	head	shiftIH	shiftMags=125	278.092	1.51667	1.516	1.516	30	16000	3	0@0.002	0.304	0.426-0.730	-136.744	102.597	-118.591	39.5103	900.134	2163.15	703.96	2278.93	903.206	2161.57	697.764	2274.26	144.941	152.069	83.1108	2.25059	0.227306	8.25	-28.3766	0							1	0.000121859	2.25095	1.92538	voice nova "head" tok=d930ca025bbe7137 take=0 src=tts:gpt-audio-1.5 f0=150 onset=0.366 dur=0.370 vowel=0.396-0.696 level=0.050 rate=longer-take
44	proc	29	bed	noShift	shiftMags=0	280.976	1.51667	1.516	1.516	30	16000	3	0@0.002	0		0	0	0	0	890.597	2095	890.572	2092.79					138.988	144.265	64.5144	-1.93228	0.130277	8	-27.0949	0							1	0.000119577	-1.9897	-1.94759	voice nova "bed" tok=e267da24474bd4d7 take=1 src=tts:gpt-audio-1.5 f0=139 onset=0.357 dur=0.400 vowel=0.407-0.627 level=0.050 rate=longer-take
45	proc	30	head	noShift	shiftMags=0	283.773	1.51667	1.516	1.516	30	16000	3	0@0.002	0		0	0	0	0	920.171	2159.5	917.768	2157.3					135.053	135.62	7.24685	-1.93298	0.126606	8	-28.2328	0							1	0.000121807	-1.9897	-1.9378	voice nova "head" tok=4bdcc6dec8a16723 take=1 src=tts:gpt-audio-1.5 f0=139 onset=0.368 dur=0.390 vowel=0.438-0.638 level=0.050 rate=longer-take
46	proc	31	dead	shiftAE	shiftMags=125	286.863	1.51667	1.516	1.516	30	16000	3	0@0.002	0.35	0.376-0.782	95.5034	-237.583	82.6485	-93.7775	832.19	2256.6	956.336	2078.83	832.19	2256.6	956.336	2078.83	145.143	150.087	57.9932	-1.71242	0.158618	7.8125	-28.052	0							1	0.000121468	-1.78371	-0.440376	voice nova "dead" tok=84da5489b8c958be take=1 src=tts:gpt-audio-1.5 f0=144 onset=0.322 dur=0.550 vowel=0.342-0.842 level=0.050 rate=longer-take
47	proc	32	dead	noShift	shiftMags=0	290.376	1.51667	1.516	1.516	30	16000	3	0@0.002	0		0	0	0	0	879.953	2164.5	870.053	2162.79					152.412	155.545	35.2172	-1.91529	0.117676	8	-27.78	0							0	1166.68		-1.96534	voice nova "dead" tok=655d8176602fdb08 take=3 src=tts:gpt-audio-1.5 f0=150 onset=0.287 dur=0.430 vowel=0.307-0.627 level=0.050 rate=longer-take
48	proc	33	dead	noShift	shiftMags=0	293.762	1.51667	1.516	1.516	30	16000	3	0@0.002	0		0	0	0	0	827.173	2263.3	828.333	2264.96					143.729	147.004	39.0074	-1.97865	0.152352	8	-28.0517	1	1.473+15.4ms						1	0.00012166	-1.9897	-1.94588	voice nova "dead" tok=84da5489b8c958be take=1 src=tts:gpt-audio-1.5 f0=144 onset=0.304 dur=0.550 vowel=0.324-0.824 level=0.050 rate=longer-take
49	proc	34	bed	noShift	shiftMags=0	297.084	1.51667	1.516	1.516	30	16000	3	0@0.002	0		0	0	0	0	851.582	2206.73	847.448	2204.07					153.838	146.803	-81.0368	-1.81364	0.125207	8	-27.8453	0							1	0.000121318	-1.9897	-1.91127	voice nova "bed" tok=600742630d189d83 take=3 src=tts:gpt-audio-1.5 f0=150 onset=0.370 dur=0.350 vowel=0.380-0.600 level=0.050 rate=longer-take
50	proc	35	bed	noShift	shiftMags=0	300.098	1.51667	1.516	1.516	30	16000	3	0@0.002	0		0	0	0	0	893.557	2096.74	893.897	2096.67					139.619	142.268	32.5411	-1.96444	0.13148	8	-27.0951	0							1	0.000121288	-1.9897	-1.97774	voice nova "bed" tok=e267da24474bd4d7 take=1 src=tts:gpt-audio-1.5 f0=139 onset=0.314 dur=0.400 vowel=0.364-0.584 level=0.050 rate=longer-take
51	proc	36	bed	noShift	shiftMags=0	303.356	1.51667	1.516	1.516	30	16000	3	0@0.002	0		0	0	0	0	851.88	2207.98	850.608	2210.27					151.754	157.469	63.9956	-1.9655	0.124269	8	-27.8441	0							1	0.000121807	-1.9897	-1.97767	voice nova "bed" tok=600742630d189d83 take=3 src=tts:gpt-audio-1.5 f0=150 onset=0.284 dur=0.350 vowel=0.294-0.514 level=0.050 rate=longer-take
