k	mode	itrial	word	cond	shiftInfo	t0	dur	pumped_s	rec_s	rec_limit_s	sr	fb	ost	shift_s	shift_span	shift_F1_Hz	shift_F2_Hz	shift_F1_mel	shift_F2_mel	in_F1	in_F2	out_F1	out_F2	span_in_F1	span_in_F2	span_out_F1	span_out_F2	in_f0	out_f0	pitch_cents	gain_dB	heard_peak	lag_ms	in_rms_dB	noise_zero_runs	noise_zero_at	play_s	play_rms_dB	play_peak	read_s	lost_s	replay_ok	replay_match	gain_voice_dB	input
1	proc	1	bat	noShift	shiftMags=0	8.006	1.5	1.5	1.5	30	16000	3	0@0.002 1@0.414 2@0.464 3@0.530 4@0.612	0		0	0	0	0	867.226	1553.1	847.484	1552.51					112.141	112.324	2.83232	-1.92505	0.176109	8	-27.3744	0							1	0	-1.9897	voice ash "bat" tok=f8529c12663b4869 take=0 src=tts:gpt-audio-1.5 f0=89 onset=0.357 dur=0.480 vowel=0.407-0.627 level=0.050
2	proc	2	bed	noShift	shiftMags=0	10.4198	1.5	1.5	1.5	30	16000	3	0@0.002 1@0.490 2@0.540 3@0.610 4@0.698	0		0	0	0	0	590.084	1786.74	589.926	1786.77					100.721	103.941	54.4702	-1.94668	0.127603	8	-27.9164	0							1	0	-1.9897	voice ash "bed" tok=adb421ecc8680bd9 take=0 src=tts:gpt-audio-1.5 f0=95 onset=0.332 dur=0.560 vowel=0.452-0.712 level=0.050
3	proc	3	bid	noShift	shiftMags=0	12.4249	1.5	1.5	1.5	30	16000	3	0@0.002 1@0.460 2@0.510 3@0.608 4@0.708	0		0	0	0	0	415.179	1971.62	415.004	1974.21					104.32	105.953	26.8971	-1.88672	0.116895	8	-27.3268	0							1	0	-1.9897	voice ash "bid" tok=f4f97d681f8ee47f take=0 src=tts:gpt-audio-1.5 f0=89 onset=0.330 dur=0.570 vowel=0.450-0.720 level=0.050
4	proc	4	bid	noShift	shiftMags=0	14.8206	1.5	1.5	1.5	30	16000	3	0@0.002 1@0.470 2@0.520 3@0.576 4@0.694	0		0	0	0	0	401.73	1946.14	393.152	1944.21					95.1876	119.055	387.342	-2.00973	0.122288	8	-26.5027	0							1	0	-1.9897	voice ash "bid" tok=3f347d0b47084cf1 take=1 src=tts:gpt-audio-1.5 f0=99 onset=0.323 dur=0.600 vowel=0.453-0.723 level=0.050
5	proc	5	bed	noShift	shiftMags=0	16.9361	1.5	1.5	1.5	30	16000	3	0@0.002 1@0.384 2@0.434 3@0.504 4@0.604	0		0	0	0	0	577.142	1774.18	578.626	1773.83					86.5096	109.736	411.72	-1.88975	0.140754	8	-27.794	0							1	0	-1.9897	voice ash "bed" tok=3fc9854b87492ea4 take=1 src=tts:gpt-audio-1.5 f0=88 onset=0.328 dur=0.590 vowel=0.358-0.678 level=0.050
6	proc	6	bat	noShift	shiftMags=0	19.3949	1.5	1.5	1.5	30	16000	3	0@0.002 1@0.430 2@0.480 3@0.542 4@0.614	0		0	0	0	0	907.664	1535.55	885.572	1535.74					110.255	128.533	265.548	-1.94084	0.182429	8	-27.6299	0							1	0	-1.9897	voice ash "bat" tok=adc377f5d7a2de89 take=1 src=tts:gpt-audio-1.5 f0=94 onset=0.316 dur=0.580 vowel=0.406-0.646 level=0.050
7	proc	1	dead	baseline	shiftMags=0	30.7178	1.8	1.8	1.8	30	16000	3	0@0.002	0		0	0	0	0	635.112	1771.54	626.098	1772.67					83.5374	106.102	413.954	-1.90563	0.143399	8	-26.8553	0							1	6.07805e-05	-1.9897	voice ash "dead" tok=598f40085c1c79c7 take=0 src=tts:gpt-audio-1.5 f0=85 onset=0.362 dur=0.510 vowel=0.442-0.702 level=0.050
8	proc	2	bed	baseline	shiftMags=0	33.5886	1.8	1.8	1.8	30	16000	3	0@0.002	0		0	0	0	0	590.893	1727.91	585.908	1725.52					83.2182	85.2304	41.3619	-1.90045	0.144859	8	-28.5529	0							1	6.1031e-05	-1.9897	voice ash "bed" tok=25efd06e9cfebf4f take=2 src=tts:gpt-audio-1.5 f0=86 onset=0.332 dur=0.430 vowel=0.362-0.702 level=0.050
9	proc	3	head	baseline	shiftMags=0	36.4867	1.8	1.8	1.8	30	16000	3	0@0.002	0		0	0	0	0	694.457	1768.35	692.529	1770.36					144.381	145.945	18.6546	-1.88764	0.13359	8	-28.1984	0							1	5.92018e-05	-1.9897	voice ash "head" tok=50f9c1796f376c38 take=0 src=tts:gpt-audio-1.5 f0=102 onset=0.301 dur=0.510 vowel=0.371-0.611 level=0.050
10	proc	4	bed	ramp	shiftMags=0	43.3446	1.8	1.8	1.8	30	16000	3	0@0.002	0		0	0	0	0	593.017	1809.91	596.314	1809.17					100.755	127.857	412.413	-1.97391	0.127667	8	-26.7303	0							1	6.09362e-05	-1.9897	voice ash "bed" tok=cb6039471394f1d6 take=3 src=tts:gpt-audio-1.5 f0=95 onset=0.345 dur=0.590 vowel=0.505-0.755 level=0.050
11	proc	5	dead	ramp	shiftMags=62.5	45.9545	1.8	1.8	1.8	30	16000	3	0@0.002	0.358	0.314-0.686	69.0006	0	62.5	0	551.706	1814.12	605.299	1810.76	556.9	1810.65	611.994	1809.8	96.9027	93.7788	-56.7294	-2.71122	0.139828	8	-27.8855	0							0	0.000119539		voice ash "dead" tok=822ca4dc66ff9b9d take=1 src=tts:gpt-audio-1.5 f0=92 onset=0.318 dur=0.400 vowel=0.318-0.658 level=0.050
12	proc	6	head	ramp	shiftMags=125	49.2123	1.8	1.8	1.8	30	16000	3	0@0.002	0.4	0.326-0.752	142.269	0	125	0	598.648	1807.68	704.188	1812.24	594.99	1804.7	700.745	1798.17	83.178	125.747	715.497	-4.46116	0.146853	8	-28.3152	0							1	6.01355e-05	-4.49055	voice ash "head" tok=6d32f9fc4cc05346 take=1 src=tts:gpt-audio-1.5 f0=86 onset=0.315 dur=0.470 vowel=0.335-0.725 level=0.050
13	proc	7	dead	hold	shiftMags=125	53.954	1.8	1.8	1.8	30	16000	3	0@0.002	0.304	0.480-0.784	147.766	0	125	0	596.187	1750.58	727.342	1751.19	596.187	1749.08	727.342	1750.34	94.9956	96.1951	21.7233	-4.00295	0.146465	8	-27.4265	0							1	6.0478e-05	-4.10702	voice ash "dead" tok=b7f76ca53e76c2a7 take=2 src=tts:gpt-audio-1.5 f0=94 onset=0.366 dur=0.510 vowel=0.456-0.726 level=0.050
14	proc	8	head	hold	shiftMags=125	57.0773	1.8	1.8	1.8	30	16000	3	0@0.002	0.294	0.388-0.696	148.985	0	125	0	647.816	1764.43	770.444	1760.67	646.389	1755.8	781.322	1750.76	86.9965	126.548	648.78	-4.23226	0.172053	8	-28.5841	0							1	7.82805e-05	-4.35092	voice ash "head" tok=cdc0d945ef78fca9 take=2 src=tts:gpt-audio-1.5 f0=92 onset=0.331 dur=0.470 vowel=0.361-0.651 level=0.050
15	proc	9	bed	hold	shiftMags=125	60.018	1.8	1.8	1.8	30	16000	3	0@0.002	0.27	0.452-0.722	150.918	0	125	0	590.964	1784.35	729.869	1784.3	608.506	1788.69	739.805	1787.55	101.172	104.477	55.648	-4.62122	0.14071	8	-27.9169	1	0.985+15.4ms						1	6.0999e-05	-4.70271	voice ash "bed" tok=adb421ecc8680bd9 take=0 src=tts:gpt-audio-1.5 f0=95 onset=0.294 dur=0.560 vowel=0.414-0.674 level=0.050
16	proc	10	dead	hold	shiftMags=125	65.2827	1.8	1.8	1.8	30	16000	3	0@0.002	0.296	0.404-0.700	148.128	0	125	0	587.495	1747.81	735.911	1746.51	587.495	1733.06	735.911	1733.73	85.3344	118.426	567.339	-4.23138	0.16709	8	-27.3201	0							1	6.07652e-05	-4.28541	voice ash "dead" tok=6bd38a4dab589e6d take=3 src=tts:gpt-audio-1.5 f0=89 onset=0.318 dur=0.460 vowel=0.378-0.648 level=0.050
17	proc	11	head	hold	shiftMags=125	67.97	1.8	1.8	1.8	30	16000	3	0@0.002	0.306	0.418-0.724	159.896	0	125	0	659.262	1809.45	825.334	1811.45	657.996	1802.73	825.04	1808.52	90.2486	133.462	677.346	-3.98417	0.186353	8	-28.0527	0							1	6.062e-05	-4.05492	voice ash "head" tok=e1670402729aefe5 take=3 src=tts:gpt-audio-1.5 f0=92 onset=0.328 dur=0.500 vowel=0.398-0.668 level=0.050
18	proc	12	bed	hold	shiftMags=125	71.1957	1.8	1.8	1.8	30	16000	3	0@0.002	0.352	0.376-0.728	148.622	0	125	0	579.882	1772.43	699.742	1772.81	585.821	1774.72	710.146	1773.62	86.4277	121.214	585.588	-4.20059	0.164171	8	-27.7935	0							1	6.10316e-05	-4.31356	voice ash "bed" tok=3fc9854b87492ea4 take=1 src=tts:gpt-audio-1.5 f0=88 onset=0.320 dur=0.590 vowel=0.350-0.670 level=0.050
19	proc	13	head	washout	shiftMags=0	76.3304	1.8	1.8	1.8	30	16000	3	0@0.002	0		0	0	0	0	689.276	1766.26	686.55	1764.79					144.654	145.277	7.43927	-1.91947	0.139389	8	-28.1985	0							1	6.09788e-05	-1.9897	voice ash "head" tok=50f9c1796f376c38 take=0 src=tts:gpt-audio-1.5 f0=102 onset=0.288 dur=0.510 vowel=0.358-0.598 level=0.050
20	proc	14	dead	washout	shiftMags=0	79.5447	1.8	1.8	1.8	30	16000	3	0@0.002	0		0	0	0	0	642.124	1772.75	626.373	1773.41					83.5941	104.695	389.661	-1.92067	0.140994	8	-26.8556	0							1	6.05543e-05	-1.9897	voice ash "dead" tok=598f40085c1c79c7 take=0 src=tts:gpt-audio-1.5 f0=85 onset=0.295 dur=0.510 vowel=0.375-0.635 level=0.050
21	proc	15	bed	washout	shiftMags=0	82.5526	1.8	1.8	1.8	30	16000	3	0@0.002	0		0	0	0	0	590.906	1727.75	588.991	1726.19					83.21	87.5985	88.9794	-1.8919	0.146287	8	-28.5532	1	0.185+15.4ms						1	6.01587e-05	-1.9897	voice ash "bed" tok=25efd06e9cfebf4f take=2 src=tts:gpt-audio-1.5 f0=86 onset=0.333 dur=0.430 vowel=0.363-0.703 level=0.050
