k	mode	itrial	word	cond	shiftInfo	t0	dur	pumped_s	rec_s	rec_limit_s	sr	fb	ost	shift_s	shift_span	shift_F1_Hz	shift_F2_Hz	shift_F1_mel	shift_F2_mel	in_F1	in_F2	out_F1	out_F2	span_in_F1	span_in_F2	span_out_F1	span_out_F2	in_f0	out_f0	pitch_cents	gain_dB	heard_peak	lag_ms	in_rms_dB	noise_zero_runs	noise_zero_at	play_s	play_rms_dB	play_peak	read_s	lost_s	input
1	proc	1	bod	baseline	shiftMags=0	4.003	1.5	1.5	1.5	30	16000	3	0@0.002 1@0.458 2@0.508 3@0.580 4@0.692	0		0	0	0	0	751.166	992.262	739.377	973.912					112.181	117.068	73.8222	-1.91209	0.128288	8	-28.0431	0							voice verse "bod" tok=0c114da9f7b024ff take=0 src=tts:gpt-audio-1.5 f0=101 onset=0.357 dur=0.560 vowel=0.447-0.737 level=0.050
2	proc	2	bad	baseline	shiftMags=0	6.88118	1.5	1.5	1.5	30	16000	3	0@0.002 1@0.488 2@0.538 3@0.634 4@0.738	0		0	0	0	0	966.17	1747.96	966.767	1749.28					103.235	116.779	213.413	-1.90667	0.146266	8	-27.317	0							voice verse "bad" tok=f14bf2bb75ce53a1 take=0 src=tts:gpt-audio-1.5 f0=110 onset=0.332 dur=0.650 vowel=0.482-0.832 level=0.050
3	proc	3	booed	baseline	shiftMags=0	9.54852	1.5	1.5	1.5	30	16000	3	0@0.002 1@0.508 2@0.558 3@0.638 4@0.748	0		0	0	0	0	412.313	1189.72	410.278	1188.13					115.885	129.282	189.398	-1.96742	0.136678	8	-27.1881	0							voice verse "booed" tok=83922517001ee681 take=0 src=tts:gpt-audio-1.5 f0=128 onset=0.330 dur=0.580 vowel=0.510-0.770 level=0.050
4	proc	4	bead	baseline	shiftMags=0	12.2802	1.5	1.5	1.5	30	16000	3	0@0.002 1@0.388 2@0.438 3@0.502 4@0.606	0		0	0	0	0	283.446	2581.59	282.497	2595.23					143.221	155.893	146.781	-1.90814	0.1281	8	-27.4733	0							voice verse "bead" tok=ed777669e4d3930f take=0 src=tts:gpt-audio-1.5 f0=133 onset=0.323 dur=0.460 vowel=0.393-0.653 level=0.050
5	proc	5	bead	baseline	shiftMags=0	14.6697	1.5	1.5	1.5	30	16000	3	0@0.002 1@0.500 2@0.550 3@0.646 4@0.770	0		0	0	0	0	274.515	2690.65	254.062	2723.68					116.68	159.016	535.947	-1.89611	0.0982696	8	-28.3719	0							voice verse "bead" tok=9dca03533c697cf2 take=1 src=tts:gpt-audio-1.5 f0=146 onset=0.328 dur=0.740 vowel=0.498-0.808 level=0.050
6	proc	6	bod	baseline	shiftMags=0	17.6641	1.5	1.5	1.5	30	16000	3	0@0.002 1@0.442 2@0.492 3@0.558 4@0.672	0		0	0	0	0	772.473	993.02	754.824	985.055					98.0967	103.423	91.5278	-1.93709	0.155298	8	-27.5464	0							voice verse "bod" tok=a803a4278759a776 take=1 src=tts:gpt-audio-1.5 f0=103 onset=0.316 dur=0.580 vowel=0.446-0.726 level=0.050
7	proc	7	bad	baseline	shiftMags=0	20.559	1.5	1.5	1.5	30	16000	3	0@0.002 1@0.484 2@0.534 3@0.616 4@0.730	0		0	0	0	0	992.404	1837.35	993.085	1835.26					129.442	138.423	116.127	-1.90748	0.16728	8	-27.8724	1	0.988+11.9ms						voice verse "bad" tok=bf7483341168036e take=1 src=tts:gpt-audio-1.5 f0=117 onset=0.362 dur=0.610 vowel=0.362-0.772 level=0.050
8	proc	8	booed	baseline	shiftMags=0	22.8997	1.5	1.5	1.5	30	16000	3	0@0.002 1@0.398 2@0.448 3@0.540 4@0.666	0		0	0	0	0	349.613	1142.52	348.92	1145.43					127.292	143.113	202.816	-1.89765	0.111384	8	-27.6084	0							voice verse "booed" tok=574c639fb30ce1dd take=1 src=tts:gpt-audio-1.5 f0=139 onset=0.332 dur=0.610 vowel=0.402-0.702 level=0.050
9	proc	9	bead	baseline	shiftMags=0	25.3992	1.5	1.5	1.5	30	16000	3	0@0.002 1@0.428 2@0.478 3@0.546 4@0.668	0		0	0	0	0	298.542	2632.52	291.677	2646.73					119.608	151.47	408.864	-2.01179	0.12289	8	-27.0432	0							voice verse "bead" tok=8dd8d6a5ab0aa0cf take=2 src=tts:gpt-audio-1.5 f0=143 onset=0.301 dur=0.560 vowel=0.421-0.711 level=0.050
10	proc	10	booed	baseline	shiftMags=0	28.1903	1.5	1.5	1.5	30	16000	3	0@0.002 1@0.434 2@0.484 3@0.532 4@0.618	0		0	0	0	0	387.037	1154.94	387.266	1157.42					128.698	129.276	7.76038	-1.9589	0.118366	8	-28.7171	0							voice verse "booed" tok=ddc0cfd6449ecf82 take=2 src=tts:gpt-audio-1.5 f0=126 onset=0.345 dur=0.440 vowel=0.435-0.665 level=0.050
11	proc	11	bod	baseline	shiftMags=0	30.9737	1.5	1.5	1.5	30	16000	3	0@0.002 1@0.396 2@0.446 3@0.526 4@0.620	0		0	0	0	0	788.29	1023.1	785.246	1014.1					109.894	131.124	305.772	-1.9886	0.124048	8	-27.5028	0							voice verse "bod" tok=2d28534e2d6185c4 take=2 src=tts:gpt-audio-1.5 f0=105 onset=0.318 dur=0.490 vowel=0.388-0.688 level=0.050
12	proc	12	bad	baseline	shiftMags=0	33.9261	1.5	1.5	1.5	30	16000	3	0@0.002 1@0.434 2@0.484 3@0.576 4@0.704	0		0	0	0	0	985.928	1742.65	985.881	1748.76					108.831	129.443	300.281	-1.9501	0.134202	8	-27.6525	0							voice verse "bad" tok=20b9268207fd744c take=2 src=tts:gpt-audio-1.5 f0=108 onset=0.315 dur=0.620 vowel=0.435-0.735 level=0.050
